<?xml version="1.0" encoding="UTF-8"?>
<!-- IMPORTANT: This is an internal file that has been generated
     by the Xilinx ISE software.  Any direct editing or
     changes made to this file may result in unpredictable
     behavior or data corruption.  It is strongly advised that
     users do not edit the contents of this file. -->
<DeviceUsageSummary rev="1">
<DesignStatistics TimeStamp="Tue Apr 11 07:56:58 2017"><group name="MiscellaneousStatistics">
<item name="AGG_BONDED_IO" rev="1">
<attrib name="value" value="126"/></item>
<item name="AGG_IO" rev="1">
<attrib name="value" value="126"/></item>
<item name="AGG_SLICE" rev="1">
<attrib name="value" value="120"/></item>
<item name="NUM_BONDED_IOB" rev="1">
<attrib name="value" value="126"/></item>
<item name="NUM_BSFULL" rev="1">
<attrib name="value" value="68"/></item>
<item name="NUM_BSLUTONLY" rev="1">
<attrib name="value" value="130"/></item>
<item name="NUM_BSREGONLY" rev="1">
<attrib name="value" value="79"/></item>
<item name="NUM_BSUSED" rev="1">
<attrib name="value" value="277"/></item>
<item name="NUM_BUFG" rev="1">
<attrib name="value" value="2"/></item>
<item name="NUM_BUFIO2" rev="1">
<attrib name="value" value="1"/></item>
<item name="NUM_DCM" rev="1">
<attrib name="value" value="1"/></item>
<item name="NUM_DSP48A1" rev="1">
<attrib name="value" value="2"/></item>
<item name="NUM_IOB_FF" rev="1">
<attrib name="value" value="1"/></item>
<item name="NUM_LOGIC_O5ANDO6" rev="1">
<attrib name="value" value="47"/></item>
<item name="NUM_LOGIC_O6ONLY" rev="1">
<attrib name="value" value="150"/></item>
<item name="NUM_OLOGIC2" rev="1">
<attrib name="value" value="1"/></item>
<item name="NUM_RAMB16BWER" rev="1">
<attrib name="value" value="36"/></item>
<item name="NUM_SLICEL" rev="1">
<attrib name="value" value="10"/></item>
<item name="NUM_SLICEM" rev="1">
<attrib name="value" value="1"/></item>
<item name="NUM_SLICEX" rev="1">
<attrib name="value" value="109"/></item>
<item name="NUM_SLICE_CARRY4" rev="1">
<attrib name="value" value="6"/></item>
<item name="NUM_SLICE_CONTROLSET" rev="1">
<attrib name="value" value="16"/></item>
<item name="NUM_SLICE_CYINIT" rev="1">
<attrib name="value" value="245"/></item>
<item name="NUM_SLICE_F7MUX" rev="1">
<attrib name="value" value="4"/></item>
<item name="NUM_SLICE_FF" rev="1">
<attrib name="value" value="147"/></item>
<item name="NUM_SLICE_LATCH" rev="1">
<attrib name="value" value="1"/></item>
<item name="NUM_SLICE_UNUSEDCTRL" rev="1">
<attrib name="value" value="59"/></item>
<item name="NUM_SRL_O6ONLY" rev="1">
<attrib name="value" value="1"/></item>
<item name="NUM_UNUSABLE_FF_BELS" rev="1">
<attrib name="value" value="67"/></item>
<item name="Xilinx Core blkmemsp_v6_2, Xilinx CORE Generator 10.1" rev="1">
<attrib name="value" value="1"/></item>
</group>
</DesignStatistics>
<CmdHistory>
</CmdHistory>
</DeviceUsageSummary>
