
<RENDERBATCH>

  <RENDERIMG RASNAME="D:\ra74-2014\lprs2\vezba3\SDK\SDK_Export\hw\imgs\proc_sys_reset_0.jpg" SVGNAME="D:\ra74-2014\lprs2\vezba3\SDK\SDK_Export\hw\imgs\proc_sys_reset_0.svg" TMPSVGFN="D:\ra74-2014\lprs2\vezba3\__xps\.dswkshop\proc_sys_reset_0.svg"/>

  <RENDERIMG RASNAME="D:\ra74-2014\lprs2\vezba3\SDK\SDK_Export\hw\imgs\microblaze_0_ilmb.jpg" SVGNAME="D:\ra74-2014\lprs2\vezba3\SDK\SDK_Export\hw\imgs\microblaze_0_ilmb.svg" TMPSVGFN="D:\ra74-2014\lprs2\vezba3\__xps\.dswkshop\microblaze_0_ilmb.svg"/>

  <RENDERIMG RASNAME="D:\ra74-2014\lprs2\vezba3\SDK\SDK_Export\hw\imgs\microblaze_0_i_bram_ctrl.jpg" SVGNAME="D:\ra74-2014\lprs2\vezba3\SDK\SDK_Export\hw\imgs\microblaze_0_i_bram_ctrl.svg" TMPSVGFN="D:\ra74-2014\lprs2\vezba3\__xps\.dswkshop\microblaze_0_i_bram_ctrl.svg"/>

  <RENDERIMG RASNAME="D:\ra74-2014\lprs2\vezba3\SDK\SDK_Export\hw\imgs\microblaze_0_dlmb.jpg" SVGNAME="D:\ra74-2014\lprs2\vezba3\SDK\SDK_Export\hw\imgs\microblaze_0_dlmb.svg" TMPSVGFN="D:\ra74-2014\lprs2\vezba3\__xps\.dswkshop\microblaze_0_dlmb.svg"/>

  <RENDERIMG RASNAME="D:\ra74-2014\lprs2\vezba3\SDK\SDK_Export\hw\imgs\microblaze_0_d_bram_ctrl.jpg" SVGNAME="D:\ra74-2014\lprs2\vezba3\SDK\SDK_Export\hw\imgs\microblaze_0_d_bram_ctrl.svg" TMPSVGFN="D:\ra74-2014\lprs2\vezba3\__xps\.dswkshop\microblaze_0_d_bram_ctrl.svg"/>

  <RENDERIMG RASNAME="D:\ra74-2014\lprs2\vezba3\SDK\SDK_Export\hw\imgs\microblaze_0_bram_block.jpg" SVGNAME="D:\ra74-2014\lprs2\vezba3\SDK\SDK_Export\hw\imgs\microblaze_0_bram_block.svg" TMPSVGFN="D:\ra74-2014\lprs2\vezba3\__xps\.dswkshop\microblaze_0_bram_block.svg"/>

  <RENDERIMG RASNAME="D:\ra74-2014\lprs2\vezba3\SDK\SDK_Export\hw\imgs\microblaze_0.jpg" SVGNAME="D:\ra74-2014\lprs2\vezba3\SDK\SDK_Export\hw\imgs\microblaze_0.svg" TMPSVGFN="D:\ra74-2014\lprs2\vezba3\__xps\.dswkshop\microblaze_0.svg"/>

  <RENDERIMG RASNAME="D:\ra74-2014\lprs2\vezba3\SDK\SDK_Export\hw\imgs\debug_module.jpg" SVGNAME="D:\ra74-2014\lprs2\vezba3\SDK\SDK_Export\hw\imgs\debug_module.svg" TMPSVGFN="D:\ra74-2014\lprs2\vezba3\__xps\.dswkshop\debug_module.svg"/>

  <RENDERIMG RASNAME="D:\ra74-2014\lprs2\vezba3\SDK\SDK_Export\hw\imgs\clock_generator_0.jpg" SVGNAME="D:\ra74-2014\lprs2\vezba3\SDK\SDK_Export\hw\imgs\clock_generator_0.svg" TMPSVGFN="D:\ra74-2014\lprs2\vezba3\__xps\.dswkshop\clock_generator_0.svg"/>

  <RENDERIMG RASNAME="D:\ra74-2014\lprs2\vezba3\SDK\SDK_Export\hw\imgs\axi4lite_0.jpg" SVGNAME="D:\ra74-2014\lprs2\vezba3\SDK\SDK_Export\hw\imgs\axi4lite_0.svg" TMPSVGFN="D:\ra74-2014\lprs2\vezba3\__xps\.dswkshop\axi4lite_0.svg"/>

  <RENDERIMG RASNAME="D:\ra74-2014\lprs2\vezba3\SDK\SDK_Export\hw\imgs\RS232.jpg" SVGNAME="D:\ra74-2014\lprs2\vezba3\SDK\SDK_Export\hw\imgs\RS232.svg" TMPSVGFN="D:\ra74-2014\lprs2\vezba3\__xps\.dswkshop\RS232.svg"/>

  <RENDERIMG RASNAME="D:\ra74-2014\lprs2\vezba3\SDK\SDK_Export\hw\imgs\DIP_Switches.jpg" SVGNAME="D:\ra74-2014\lprs2\vezba3\SDK\SDK_Export\hw\imgs\DIP_Switches.svg" TMPSVGFN="D:\ra74-2014\lprs2\vezba3\__xps\.dswkshop\DIP_Switches.svg"/>

  <RENDERIMG RASNAME="D:\ra74-2014\lprs2\vezba3\SDK\SDK_Export\hw\imgs\my_perhiperal_0.jpg" SVGNAME="D:\ra74-2014\lprs2\vezba3\SDK\SDK_Export\hw\imgs\my_perhiperal_0.svg" TMPSVGFN="D:\ra74-2014\lprs2\vezba3\__xps\.dswkshop\my_perhiperal_0.svg"/>

  <RENDERIMG RASNAME="D:\ra74-2014\lprs2\vezba3\SDK\SDK_Export\hw\imgs\system_blkd.jpg" SVGNAME="D:\ra74-2014\lprs2\vezba3\SDK\SDK_Export\hw\imgs\system_blkd.svg" TMPSVGFN="D:\ra74-2014\lprs2\vezba3\__xps\.dswkshop\system_blkd.svg"/>

</RENDERBATCH>